Trained Samples, Block Average Training Error
250,2.329724438
500,2.281619657
750,2.235789785
1000,2.142766797
1250,1.952314154
1500,1.840121719
1750,1.591168133
2000,1.451003967
2250,1.30161108
2500,1.199282986
2750,1.065281304
3000,0.973127434
3250,0.974009228
3500,0.868137835
3750,0.878754778
4000,0.755264593
4250,0.770657872
4500,0.718651202
4750,0.635368297
5000,0.668196146
5250,0.691044507
5500,0.627664346
5750,0.614704318
6000,0.564015553
6250,0.447025234
6500,0.511055021
6750,0.413940538
7000,0.615240436
7250,0.556455073
7500,0.476526492
7750,0.497527932
8000,0.536917097
8250,0.438032715
8500,0.520552466
8750,0.492224874
9000,0.517170327
9250,0.360282654
9500,0.442518708
9750,0.315850406
10000,0.31899286
10250,0.44205525
10500,0.294339539
10750,0.308696764
11000,0.354572829
11250,0.340211611
11500,0.251867295
11750,0.408716224
12000,0.385961425
12250,0.237420713
12500,0.344238202
12750,0.371908577
13000,0.300623395
13250,0.388185954
13500,0.21605571
13750,0.309256281
14000,0.289966551
14250,0.264267608
14500,0.281276839
14750,0.358147095
15000,0.320752663
15250,0.240384779
15500,0.265030057
15750,0.266304785
16000,0.375779763
16250,0.242382927
16500,0.191071558
16750,0.228911097
17000,0.318070683
17250,0.254436287
17500,0.202009157
17750,0.327459296
18000,0.257606975
18250,0.254843771
18500,0.194090334
18750,0.218475445
19000,0.133444948
19250,0.214370789
19500,0.23598955
19750,0.184633978
20000,0.230331699
20250,0.304590318
20500,0.164665606
20750,0.27318411
21000,0.29453939
21250,0.172496944
21500,0.148096399
21750,0.159498971
22000,0.154215743
22250,0.24788206
22500,0.197944705
22750,0.254203464
23000,0.151266174
23250,0.169202285
23500,0.126794458
23750,0.176468515
24000,0.193980328
24250,0.176146129
24500,0.227996543
24750,0.252020149
25000,0.212989913
25250,0.140592898
25500,0.097082135
25750,0.183377223
26000,0.186281746
26250,0.115739305
26500,0.245041279
26750,0.245266722
27000,0.160180423
27250,0.222928302
27500,0.166088396
27750,0.225824803
28000,0.135678336
28250,0.141111345
28500,0.173978011
28750,0.233167057
29000,0.118318394
29250,0.245461793
29500,0.240507786
29750,0.138800041
30000,0.225440158
30250,0.24966234
30500,0.128272755
30750,0.199051894
31000,0.250646723
31250,0.1593679
31500,0.224504562
31750,0.262081193
32000,0.13883662
32250,0.158666624
32500,0.215364474
32750,0.134700451
33000,0.157651008
33250,0.136949614
33500,0.143955253
33750,0.109014093
34000,0.140043506
34250,0.132055472
34500,0.089561193
34750,0.208818626
35000,0.242555061
35250,0.162706896
35500,0.147828473
35750,0.137095237
36000,0.087714896
36250,0.167420056
36500,0.183337882
36750,0.102024388
37000,0.158810416
37250,0.175054626
37500,0.204705383
37750,0.137380979
38000,0.146116362
38250,0.107567668
38500,0.170524177
38750,0.229629704
39000,0.123580829
39250,0.06733565
39500,0.360381467
39750,0.114848744
40000,0.17082725
40250,0.11726131
40500,0.115763314
40750,0.135098551
41000,0.145535375
41250,0.136062117
41500,0.271832751
41750,0.108752857
42000,0.166215204
42250,0.142677953
42500,0.186474212
42750,0.15792989
43000,0.221131699
43250,0.158821191
43500,0.071033404
43750,0.147457919
44000,0.166009255
44250,0.13366953
44500,0.155443425
44750,0.074696611
45000,0.197318104
45250,0.130389868
45500,0.144246558
45750,0.19658821
46000,0.176800903
46250,0.131093919
46500,0.269084783
46750,0.133729322
47000,0.142962816
47250,0.168977056
47500,0.168317509
47750,0.156274462
48000,0.127927566
48250,0.113548934
48500,0.133296286
48750,0.14562957
49000,0.183380195
49250,0.25623498
49500,0.140659188
49750,0.241847794
50000,0.142922331
50250,0.14648784
50500,0.224823376
50750,0.150112109
51000,0.081351184
51250,0.123516453
51500,0.090510041
51750,0.076937147
52000,0.136342602
52250,0.211271097
52500,0.083120356
52750,0.151394653
53000,0.249435735
53250,0.118758818
53500,0.09718924
53750,0.13428065
54000,0.134358416
54250,0.101951659
54500,0.13017814
54750,0.136229592
55000,0.180364257
55250,0.07606597
55500,0.174795928
55750,0.128925115
56000,0.118202074
56250,0.118889604
56500,0.173154344
56750,0.100318701
57000,0.128511098
57250,0.118008804
57500,0.119880043
57750,0.183173746
58000,0.087953757
58250,0.087918096
58500,0.045743899
58750,0.052142943
59000,0.064702388
59250,0.017800767
59500,0.083414606
59750,0.160103311
60000,0.102147475
60250,0.189554047
60500,0.118677589
60750,0.085760629
61000,0.161079794
61250,0.230392176
61500,0.185147133
61750,0.148001862
62000,0.1410473
62250,0.150882606
62500,0.12419416
62750,0.118371301
63000,0.090165019
63250,0.144800615
63500,0.089721291
63750,0.139677141
64000,0.137194601
64250,0.144246836
64500,0.091196519
64750,0.144585463
65000,0.06686341
65250,0.142843951
65500,0.053249432
65750,0.09555582
66000,0.174866435
66250,0.073372191
66500,0.111985848
66750,0.089622023
67000,0.128040268
67250,0.153854852
67500,0.112881001
67750,0.103306982
68000,0.147453917
68250,0.133207921
68500,0.152166832
68750,0.199411488
69000,0.220706993
69250,0.148064435
69500,0.140977061
69750,0.105819665
70000,0.063355721
70250,0.173999877
70500,0.103747575
70750,0.110369749
71000,0.159568274
71250,0.111047094
71500,0.06429146
71750,0.152901301
72000,0.120422501
72250,0.095119337
72500,0.139033199
72750,0.167806008
73000,0.110813757
73250,0.158171778
73500,0.055123477
73750,0.085498952
74000,0.108017038
74250,0.074215045
74500,0.084765106
74750,0.079141717
75000,0.168205223
75250,0.097498039
75500,0.165759183
75750,0.139662369
76000,0.176625181
76250,0.139953054
76500,0.103627761
76750,0.119038357
77000,0.119753896
77250,0.194246269
77500,0.087240893
77750,0.176451434
78000,0.125928818
78250,0.068573016
78500,0.09127036
78750,0.085806268
79000,0.130411303
79250,0.131486514
79500,0.111174508
79750,0.124036951
80000,0.112610178
80250,0.115852312
80500,0.086960603
80750,0.157048526
81000,0.191645121
81250,0.093556051
81500,0.099524259
81750,0.056133529
82000,0.139561441
82250,0.07614232
82500,0.094791563
82750,0.097230485
83000,0.060623475
83250,0.139425462
83500,0.096421823
83750,0.072516581
84000,0.10817239
84250,0.141330147
84500,0.14970005
84750,0.122905733
85000,0.099609761
85250,0.127029365
85500,0.115544582
85750,0.150069016
86000,0.218256657
86250,0.092768018
86500,0.244390905
86750,0.208440576
87000,0.104016963
87250,0.158896387
87500,0.104147222
87750,0.092249188
88000,0.127378727
88250,0.106602439
88500,0.102668717
88750,0.135355687
89000,0.110862181
89250,0.22278488
89500,0.101694962
89750,0.126756617
90000,0.107417017
90250,0.163470203
90500,0.063644469
90750,0.147637137
91000,0.101732566
91250,0.116235527
91500,0.193410837
91750,0.145958907
92000,0.124567088
92250,0.07908179
92500,0.129796648
92750,0.080712661
93000,0.106858112
93250,0.093583367
93500,0.114083468
93750,0.039607548
94000,0.120109646
94250,0.158823106
94500,0.124715566
94750,0.125553441
95000,0.162079013
95250,0.133412386
95500,0.078786413
95750,0.116793235
96000,0.087625611
96250,0.101605918
96500,0.160660447
96750,0.065888618
97000,0.104275144
97250,0.195827537
97500,0.151956025
97750,0.12187293
98000,0.083563889
98250,0.083606445
98500,0.170496616
98750,0.153485245
99000,0.087691214
99250,0.052764891
99500,0.255062737
99750,0.126963475
100000,0.041026683
100250,0.093950148
100500,0.095347245
100750,0.132249725
101000,0.123262522
101250,0.108879814
101500,0.201522343
101750,0.078120348
102000,0.136339309
102250,0.076446833
102500,0.099430646
102750,0.161154455
103000,0.166924442
103250,0.135330407
103500,0.103325345
103750,0.097752769
104000,0.122190725
104250,0.114261645
104500,0.101922634
104750,0.055656466
105000,0.109755882
105250,0.143633199
105500,0.098141746
105750,0.214371179
106000,0.150554442
106250,0.134124485
106500,0.119343623
106750,0.146575625
107000,0.093391211
107250,0.212840381
107500,0.117970485
107750,0.109175998
108000,0.092406286
108250,0.091488514
108500,0.098527002
108750,0.056530175
109000,0.1797743
109250,0.19401963
109500,0.080279615
109750,0.153536623
110000,0.121698182
110250,0.142122262
110500,0.125336705
110750,0.154463815
111000,0.095810887
111250,0.088929593
111500,0.088766186
111750,0.090811966
112000,0.128464955
112250,0.154641703
112500,0.08236023
112750,0.096346582
113000,0.165036295
113250,0.079942148
113500,0.08182744
113750,0.126163068
114000,0.104349927
114250,0.147745299
114500,0.065797476
114750,0.12878743
115000,0.14360832
115250,0.059282724
115500,0.125935156
115750,0.125371003
116000,0.151840327
116250,0.064036321
116500,0.127178003
116750,0.112316585
117000,0.118741608
117250,0.140722868
117500,0.094756793
117750,0.112339672
118000,0.113934534
118250,0.09603082
118500,0.047506949
118750,0.08114535
119000,0.064737517
119250,0.029619038
119500,0.071392279
119750,0.090006459
120000,0.1597586
120250,0.105028489
120500,0.053504025
120750,0.070355247
121000,0.105716777
121250,0.163566771
121500,0.145523157
121750,0.21305373
122000,0.111348416
122250,0.108263195
122500,0.152499276
122750,0.101489034
123000,0.130058076
123250,0.097643139
123500,0.110896061
123750,0.156308873
124000,0.135075685
124250,0.142171708
124500,0.064362074
124750,0.07958225
125000,0.062568697
125250,0.119291962
125500,0.150171668
125750,0.116665969
126000,0.146435705
126250,0.078202798
126500,0.073661771
126750,0.077721619
127000,0.123527178
127250,0.144179906
127500,0.096421364
127750,0.095547228
128000,0.126935445
128250,0.120730131
128500,0.113138868
128750,0.101111836
129000,0.104469709
129250,0.100951224
129500,0.16660211
129750,0.137214115
130000,0.083619864
130250,0.112735199
130500,0.087821132
130750,0.11258418
131000,0.110802424
131250,0.104494317
131500,0.054338005
131750,0.110106787
132000,0.082998566
132250,0.053884146
132500,0.129885784
132750,0.171231334
133000,0.16294675
133250,0.090410123
133500,0.109428648
133750,0.0867729
134000,0.085531309
134250,0.122535862
134500,0.034181261
134750,0.208216196
135000,0.111504029
135250,0.128344162
135500,0.146843832
135750,0.113246661
136000,0.163790223
136250,0.142145996
136500,0.133160373
136750,0.11936335
137000,0.244205714
137250,0.116491206
137500,0.094370389
137750,0.160166001
138000,0.071952226
138250,0.056692342
138500,0.088520315
138750,0.122448315
139000,0.090597369
139250,0.108742763
139500,0.09689007
139750,0.089003891
140000,0.116821069
140250,0.105565199
140500,0.07197765
140750,0.12207383
141000,0.177374605
141250,0.09532678
141500,0.081444094
141750,0.115362028
142000,0.08151694
142250,0.057538066
142500,0.120614889
142750,0.185163863
143000,0.050415485
143250,0.131445497
143500,0.080402371
143750,0.070823168
144000,0.118681697
144250,0.21472091
144500,0.174719757
144750,0.084951731
145000,0.080667749
145250,0.068974282
145500,0.061276058
145750,0.123993784
146000,0.167021006
146250,0.067034318
146500,0.14468991
146750,0.214459275
147000,0.126266802
147250,0.097530271
147500,0.107468658
147750,0.111003289
148000,0.079618791
148250,0.043887924
148500,0.108954989
148750,0.099177787
149000,0.106948777
149250,0.128186992
149500,0.14746857
149750,0.173645129
150000,0.065587336
150250,0.094815409
150500,0.042445748
150750,0.15188269
151000,0.159357956
151250,0.134671558
151500,0.074062999
151750,0.146054632
152000,0.070935776
152250,0.125606637
152500,0.089704283
152750,0.077218913
153000,0.129512834
153250,0.158347093
153500,0.07939237
153750,0.050195568
154000,0.111640137
154250,0.144679699
154500,0.070823892
154750,0.107464994
155000,0.12911142
155250,0.103232754
155500,0.050740624
155750,0.121756977
156000,0.117315385
156250,0.129863288
156500,0.084881532
156750,0.110795915
157000,0.079912161
157250,0.128176508
157500,0.178819067
157750,0.16462733
158000,0.087186389
158250,0.109875583
158500,0.167934914
158750,0.139147327
159000,0.096451538
159250,0.045004461
159500,0.121487538
159750,0.132414639
160000,0.063947956
160250,0.137656378
160500,0.118839886
160750,0.191508356
161000,0.067446114
161250,0.08525528
161500,0.140534651
161750,0.125830724
162000,0.113331822
162250,0.092387804
162500,0.131704721
162750,0.207415713
163000,0.106510169
163250,0.115958638
163500,0.06805259
163750,0.052730989
164000,0.088815651
164250,0.156616645
164500,0.160228559
164750,0.091901031
165000,0.075672158
165250,0.102019999
165500,0.097732832
165750,0.157246269
166000,0.148420988
166250,0.113115359
166500,0.134461278
166750,0.14425696
167000,0.061073472
167250,0.113750007
167500,0.09944139
167750,0.10144294
168000,0.10313381
168250,0.109564679
168500,0.063664962
168750,0.108724837
169000,0.145974144
169250,0.162183255
169500,0.089156198
169750,0.211230462
170000,0.174585104
170250,0.134626746
170500,0.169376976
170750,0.109901961
171000,0.083515817
171250,0.084759895
171500,0.130581477
171750,0.137285754
172000,0.105161711
172250,0.094262699
172500,0.13056897
172750,0.061372733
173000,0.093792412
173250,0.030872417
173500,0.072668728
173750,0.097401892
174000,0.078403015
174250,0.159065051
174500,0.126331682
174750,0.172979341
175000,0.124106456
175250,0.080712952
175500,0.090665786
175750,0.138436604
176000,0.157156892
176250,0.067174471
176500,0.082497587
176750,0.152560027
177000,0.106836914
177250,0.088882606
177500,0.08670786
177750,0.136137095
178000,0.099395012
178250,0.159301004
178500,0.053902118
178750,0.075125492
179000,0.098948614
179250,0.027482114
179500,0.079875828
179750,0.094433458
180000,0.112826511
180250,0.160038698
180500,0.053184613
180750,0.126383676
181000,0.052404806
181250,0.192857055
181500,0.160243768
181750,0.246489076
182000,0.146045741
182250,0.114320623
182500,0.097675513
182750,0.087687225
183000,0.090159697
183250,0.048197592
183500,0.075377103
183750,0.177556446
184000,0.162373578
184250,0.118561355
184500,0.060063289
184750,0.089336867
185000,0.078738719
185250,0.115975826
185500,0.118590259
185750,0.149193573
186000,0.12475679
186250,0.067040608
186500,0.070310618
186750,0.06132112
187000,0.153663966
187250,0.134852739
187500,0.093305169
187750,0.124097439
188000,0.099717799
188250,0.093003476
188500,0.072158243
188750,0.127548895
189000,0.056208842
189250,0.144497539
189500,0.073120564
189750,0.160582696
190000,0.107203276
190250,0.134941511
190500,0.072353345
190750,0.090892869
191000,0.172922507
191250,0.090493914
191500,0.07567661
191750,0.133155698
192000,0.087086864
192250,0.072354254
192500,0.049753074
192750,0.156027196
193000,0.14638724
193250,0.094970564
193500,0.122521687
193750,0.13185953
194000,0.110946831
194250,0.198972858
194500,0.053212788
194750,0.251957857
195000,0.195485015
195250,0.165072425
195500,0.109738382
195750,0.136569167
196000,0.182663538
196250,0.139747765
196500,0.138818387
196750,0.100239552
197000,0.160650601
197250,0.110206535
197500,0.12111347
197750,0.186161773
198000,0.05422783
198250,0.082619928
198500,0.094098307
198750,0.141790113
199000,0.076098968
199250,0.09959288
199500,0.1007161
199750,0.095769798
200000,0.105178038
200250,0.110365361
200500,0.108562818
200750,0.053010922
201000,0.103634339
201250,0.07750954
201500,0.099086662
201750,0.104036236
202000,0.1501449
202250,0.051844394
202500,0.1395338
202750,0.155138212
203000,0.06710485
203250,0.147798211
203500,0.128438989
203750,0.110607847
204000,0.112230592
204250,0.093774376
204500,0.146827223
204750,0.146791839
205000,0.089371535
205250,0.09008488
205500,0.056085774
205750,0.07434777
206000,0.102993914
206250,0.099315453
206500,0.137290915
206750,0.221498092
207000,0.095419164
207250,0.102554805
207500,0.120599083
207750,0.105707262
208000,0.10019435
208250,0.04876592
208500,0.119564338
208750,0.117305177
209000,0.086813625
209250,0.107956887
209500,0.204213513
209750,0.208625763
210000,0.076051724
210250,0.134493858
210500,0.070719815
210750,0.104830594
211000,0.141990238
211250,0.225105036
211500,0.073846461
211750,0.086838237
212000,0.065912829
212250,0.155224597
212500,0.1007577
212750,0.107949914
213000,0.046167843
213250,0.134748612
213500,0.049606027
213750,0.117060181
214000,0.088111571
214250,0.191659633
214500,0.108048824
214750,0.08051728
215000,0.083453095
215250,0.100150842
215500,0.08278486
215750,0.122354461
216000,0.134410248
216250,0.167445293
216500,0.139975029
216750,0.086327641
217000,0.167474302
217250,0.151104367
217500,0.082005931
217750,0.220704406
218000,0.042192598
218250,0.073490989
218500,0.067436486
218750,0.122041552
219000,0.059583404
219250,0.100970515
219500,0.142625865
219750,0.163244685
220000,0.140717637
220250,0.171117895
220500,0.174937485
220750,0.194681268
221000,0.063910122
221250,0.080359562
221500,0.152505962
221750,0.105522727
222000,0.141907939
222250,0.071084078
222500,0.123502761
222750,0.286117477
223000,0.171395899
223250,0.123613322
223500,0.065852138
223750,0.062899323
224000,0.135922912
224250,0.16583631
224500,0.103890976
224750,0.104419197
225000,0.106392743
225250,0.095794271
225500,0.090760597
225750,0.127506505
226000,0.107319214
226250,0.0793772
226500,0.134401502
226750,0.141661361
227000,0.065320753
227250,0.106034151
227500,0.071616974
227750,0.078594488
228000,0.079155578
228250,0.087214319
228500,0.119982024
228750,0.050173881
229000,0.086493433
229250,0.125517609
229500,0.074941433
229750,0.111149466
230000,0.119202975
230250,0.135623129
230500,0.142475728
230750,0.091306097
231000,0.063143387
231250,0.031209276
231500,0.083945171
231750,0.110864516
232000,0.052121543
232250,0.129385891
232500,0.151848743
232750,0.162048192
233000,0.101712464
233250,0.069462701
233500,0.105485919
233750,0.228812895
234000,0.05354148
234250,0.10278691
234500,0.068298844
234750,0.140842847
235000,0.15130664
235250,0.062638331
235500,0.09867854
235750,0.180163205
236000,0.193352152
236250,0.120901295
236500,0.135442589
236750,0.087188131
237000,0.094139858
237250,0.090525476
237500,0.134819214
237750,0.112244481
238000,0.090354852
238250,0.125062176
238500,0.059388637
238750,0.065612952
239000,0.054238679
239250,0.017753303
239500,0.049593654
239750,0.118191556
240000,0.13532994
240250,0.186598069
240500,0.125575227
240750,0.128896465
241000,0.093392176
241250,0.124629591
241500,0.198748088
241750,0.214425481
242000,0.106254253
242250,0.132027024
242500,0.126801679
242750,0.119982649
243000,0.111834745
243250,0.120293696
243500,0.116615661
243750,0.150750242
244000,0.195429609
244250,0.125376186
244500,0.076617665
244750,0.05545351
245000,0.113956949
245250,0.160396993
245500,0.080206313
245750,0.149247579
246000,0.06858187
246250,0.063365733
246500,0.063178628
246750,0.046065699
247000,0.170513949
247250,0.120275744
247500,0.12316796
247750,0.158288704
248000,0.065895855
248250,0.149856406
248500,0.098097569
248750,0.075063353
249000,0.085030091
249250,0.130867933
249500,0.116658936
249750,0.124651639
250000,0.137679759
250250,0.122853612
250500,0.126608224
250750,0.072588664
251000,0.119279803
251250,0.115579822
251500,0.060041755
251750,0.135082794
252000,0.121751381
252250,0.05478947
252500,0.048905901
252750,0.082842895
253000,0.125356668
253250,0.178624623
253500,0.111339338
253750,0.071238356
254000,0.140848086
254250,0.104867575
254500,0.091814606
254750,0.141121955
255000,0.190231942
255250,0.081859525
255500,0.170630935
255750,0.147577705
256000,0.192191112
256250,0.124762197
256500,0.077471979
256750,0.154867996
257000,0.150974219
257250,0.105186563
257500,0.094970476
257750,0.092178071
258000,0.074729509
258250,0.060158543
258500,0.105629599
258750,0.091553542
259000,0.105981856
259250,0.107489563
259500,0.118140784
259750,0.071468097
260000,0.133958392
260250,0.116367467
260500,0.111998759
260750,0.14626579
261000,0.112630309
261250,0.103397538
261500,0.115908458
261750,0.128482973
262000,0.07550468
262250,0.101863858
262500,0.078606652
262750,0.157691061
263000,0.072300925
263250,0.111024743
263500,0.151000642
263750,0.096868978
264000,0.126140553
264250,0.050971771
264500,0.170170982
264750,0.173143646
265000,0.080920535
265250,0.111577117
265500,0.043141924
265750,0.099455287
266000,0.100670144
266250,0.089121342
266500,0.110809812
266750,0.146922321
267000,0.104108229
267250,0.070955411
267500,0.10986012
267750,0.136027676
268000,0.121883133
268250,0.136088432
268500,0.131969475
268750,0.096050648
269000,0.069458584
269250,0.132487137
269500,0.217621835
269750,0.164488861
270000,0.103267123
270250,0.100271807
270500,0.082873096
270750,0.175089293
271000,0.128791131
271250,0.183246825
271500,0.065755988
271750,0.134405117
272000,0.106006095
272250,0.084889561
272500,0.122881502
272750,0.113365981
273000,0.0904289
273250,0.172841501
273500,0.047274003
273750,0.081885564
274000,0.117180484
274250,0.12204582
274500,0.099803945
274750,0.148301604
275000,0.096151295
275250,0.085997889
275500,0.130257521
275750,0.112380848
276000,0.078758208
276250,0.120222051
276500,0.111417898
276750,0.12839399
277000,0.108075618
277250,0.101877563
277500,0.094072608
277750,0.105510921
278000,0.102157522
278250,0.077973641
278500,0.081331107
278750,0.164506773
279000,0.080006901
279250,0.117619956
279500,0.093622459
279750,0.091227885
280000,0.088165017
280250,0.107595772
280500,0.162072269
280750,0.210259432
281000,0.078556392
281250,0.105657206
281500,0.14966103
281750,0.075941872
282000,0.080459426
282250,0.10858899
282500,0.13602034
282750,0.131981977
283000,0.126749518
283250,0.165501649
283500,0.079840913
283750,0.104076158
284000,0.154019929
284250,0.148723858
284500,0.066527837
284750,0.148139004
285000,0.1451278
285250,0.108418347
285500,0.128726599
285750,0.133966616
286000,0.124244434
286250,0.09258868
286500,0.205585487
286750,0.142367746
287000,0.155340338
287250,0.122115532
287500,0.173422345
287750,0.065132599
288000,0.170274256
288250,0.068758982
288500,0.090209035
288750,0.118992725
289000,0.159042153
289250,0.116738846
289500,0.061271522
289750,0.069105946
290000,0.120129287
290250,0.150976201
290500,0.1261902
290750,0.078465971
291000,0.129602406
291250,0.032065015
291500,0.08586241
291750,0.077939321
292000,0.084110224
292250,0.102968353
292500,0.137549134
292750,0.081541524
293000,0.055878652
293250,0.074541754
293500,0.060174163
293750,0.106021222
294000,0.101851385
294250,0.10503794
294500,0.043442123
294750,0.103934128
295000,0.067014681
295250,0.067030717
295500,0.138135197
295750,0.123590734
296000,0.130139003
296250,0.086372967
296500,0.122374463
296750,0.105863642
297000,0.140124838
297250,0.110998726
297500,0.077859072
297750,0.108967714
298000,0.072469514
298250,0.106608666
298500,0.089821549
298750,0.043944461
299000,0.074005511
299250,0.035105471
299500,0.072519169
299750,0.11437839
300000,0.100569885
300250,0.154001009
300500,0.110448583
300750,0.169169397
301000,0.084142713
301250,0.160669499
301500,0.106574792
301750,0.124684175
302000,0.152209654
302250,0.094406743
302500,0.078238732
302750,0.096390954
303000,0.100539031
303250,0.120663251
303500,0.084434764
303750,0.091799446
304000,0.119050303
304250,0.096792547
304500,0.109142033
304750,0.102878506
305000,0.07804964
305250,0.140828413
305500,0.07978083
305750,0.176739204
306000,0.117830087
306250,0.12574722
306500,0.066491264
306750,0.086038731
307000,0.094712197
307250,0.094389358
307500,0.095417942
307750,0.150800957
308000,0.043578351
308250,0.153471332
308500,0.174709332
308750,0.181284589
309000,0.055406899
309250,0.085490332
309500,0.136013988
309750,0.128679103
310000,0.130191767
310250,0.116151625
310500,0.107175345
310750,0.115950849
311000,0.257770897
311250,0.187168994
311500,0.11742466
311750,0.089515224
312000,0.080320504
312250,0.086270354
312500,0.035980638
312750,0.060155334
313000,0.039430617
313250,0.153515058
313500,0.165088089
313750,0.156006781
314000,0.107683265
314250,0.193914016
314500,0.138795917
314750,0.089832775
315000,0.169735675
315250,0.109021224
315500,0.109144096
315750,0.105930547
316000,0.149647266
316250,0.137237283
316500,0.068805586
316750,0.169001562
317000,0.120991865
317250,0.093717331
317500,0.182807537
317750,0.133920208
318000,0.065235546
318250,0.08895224
318500,0.097788258
318750,0.15506657
319000,0.153599989
319250,0.176331384
319500,0.191693429
319750,0.09090783
320000,0.101246118
320250,0.1671271
320500,0.068408248
320750,0.175736281
321000,0.151849268
321250,0.111530085
321500,0.163857162
321750,0.143970623
322000,0.125434885
322250,0.09723013
322500,0.067810854
322750,0.112541827
323000,0.11087007
323250,0.115712712
323500,0.131124597
323750,0.154498316
324000,0.081083528
324250,0.172317399
324500,0.129474101
324750,0.163400141
325000,0.098003245
325250,0.101370708
325500,0.13094105
325750,0.15111643
326000,0.096883533
326250,0.041511129
326500,0.097392623
326750,0.137243138
327000,0.194414178
327250,0.155515117
327500,0.089036432
327750,0.128499471
328000,0.101393534
328250,0.174240502
328500,0.17853651
328750,0.162113191
329000,0.149642655
329250,0.078414526
329500,0.190828936
329750,0.117650704
330000,0.079754471
330250,0.069865174
330500,0.088276367
330750,0.118812529
331000,0.135711611
331250,0.111201048
331500,0.068011016
331750,0.109506816
332000,0.062495435
332250,0.12291191
332500,0.1143222
332750,0.232501712
333000,0.10523519
333250,0.19859782
333500,0.114889987
333750,0.082744716
334000,0.128370635
334250,0.091287712
334500,0.079707532
334750,0.1840337
335000,0.060518933
335250,0.099309128
335500,0.091834168
335750,0.048986131
336000,0.057834896
336250,0.218276911
336500,0.182060822
336750,0.229600971
337000,0.083623733
337250,0.155849241
337500,0.088272612
337750,0.09548608
338000,0.092861095
338250,0.101554612
338500,0.106314329
338750,0.08255195
339000,0.101858089
339250,0.093529127
339500,0.083097147
339750,0.161895477
340000,0.078649845
340250,0.147921642
340500,0.067820525
340750,0.192020488
341000,0.079618317
341250,0.062107435
341500,0.148420309
341750,0.177753368
342000,0.092915185
342250,0.139869051
342500,0.154309086
342750,0.176807743
343000,0.129794855
343250,0.142304346
343500,0.079186582
343750,0.065494053
344000,0.111080075
344250,0.126830307
344500,0.142143477
344750,0.143108687
345000,0.155246389
345250,0.130093429
345500,0.149968503
345750,0.111142792
346000,0.115541683
346250,0.121569913
346500,0.119243866
346750,0.150924325
347000,0.093595357
347250,0.081465028
347500,0.112013939
347750,0.06214842
348000,0.118329194
348250,0.047394651
348500,0.131969321
348750,0.118473427
349000,0.1598164
349250,0.16196744
349500,0.067656226
349750,0.232736213
350000,0.079655739
350250,0.113255396
350500,0.141054612
350750,0.080114656
351000,0.115739327
351250,0.04998317
351500,0.064428072
351750,0.051554843
352000,0.071863273
352250,0.165073483
352500,0.153649397
352750,0.13086553
353000,0.124353787
353250,0.196167833
353500,0.07420368
353750,0.138481029
354000,0.063405681
354250,0.081955918
354500,0.077948468
354750,0.13632337
355000,0.112635789
355250,0.073822964
355500,0.167590997
355750,0.121149396
356000,0.169168398
356250,0.104823311
356500,0.114055025
356750,0.056361853
357000,0.103361971
357250,0.10838993
357500,0.109512685
357750,0.13273733
358000,0.079702954
358250,0.157022176
358500,0.121606105
358750,0.0630504
359000,0.143685437
359250,0.082974228
359500,0.101606339
359750,0.133031985
360000,0.158773288
360250,0.151190811
360500,0.119633562
360750,0.104723302
361000,0.114957929
361250,0.176739728
361500,0.13287247
361750,0.11974603
362000,0.161924779
362250,0.173044744
362500,0.110224109
362750,0.13815834
363000,0.210534021
363250,0.138149771
363500,0.184264999
363750,0.182014561
364000,0.176831862
364250,0.177879202
364500,0.10245877
364750,0.094937597
365000,0.197997636
365250,0.110877677
365500,0.110482625
365750,0.148744231
366000,0.147373481
366250,0.079219951
366500,0.102967185
366750,0.06428866
367000,0.074354216
367250,0.058336121
367500,0.049537458
367750,0.175746113
368000,0.08947762
368250,0.11788561
368500,0.16785388
368750,0.125869283
369000,0.052148767
369250,0.066831874
369500,0.078253177
369750,0.131433257
370000,0.091641303
370250,0.103325836
370500,0.108824077
370750,0.108527883
371000,0.201084048
371250,0.171106595
371500,0.138570507
371750,0.096722425
372000,0.094891521
372250,0.13313265
372500,0.105290662
372750,0.087146549
373000,0.090411095
373250,0.151628518
373500,0.157218134
373750,0.131075553
374000,0.089245611
374250,0.261202377
374500,0.187327521
374750,0.133843314
375000,0.178047415
375250,0.167153683
375500,0.170288592
375750,0.123973182
376000,0.145614994
376250,0.155025273
376500,0.133545451
376750,0.210519681
377000,0.169578095
377250,0.164565632
377500,0.210715155
377750,0.164351026
378000,0.122864183
378250,0.064120462
378500,0.088336836
378750,0.147276731
379000,0.106675459
379250,0.170888711
379500,0.178841264
379750,0.066977994
380000,0.06297868
380250,0.170113185
380500,0.091453822
380750,0.164734246
381000,0.1230707
381250,0.099532755
381500,0.171041775
381750,0.160214522
382000,0.103603337
382250,0.107712127
382500,0.185016157
382750,0.124275917
383000,0.06195684
383250,0.089067624
383500,0.268730944
383750,0.090352613
384000,0.135795376
384250,0.122676797
384500,0.136888376
384750,0.129433818
385000,0.105351115
385250,0.129508574
385500,0.136227998
385750,0.102164174
386000,0.094483957
386250,0.101085972
386500,0.071121259
386750,0.109326505
387000,0.129508913
387250,0.149293823
387500,0.099020952
387750,0.162946808
388000,0.149891402
388250,0.135765708
388500,0.17320909
388750,0.140897342
389000,0.189794724
389250,0.131998349
389500,0.165311878
389750,0.179816065
390000,0.136275781
390250,0.104940712
390500,0.061261619
390750,0.188633265
391000,0.195102192
391250,0.1015779
391500,0.101245408
391750,0.13112973
392000,0.098953336
392250,0.14672081
392500,0.208765705
392750,0.200053173
393000,0.129450025
393250,0.144663236
393500,0.113831472
393750,0.113931726
394000,0.167605236
394250,0.165183629
394500,0.104325012
394750,0.229708478
395000,0.119072575
395250,0.146950345
395500,0.154954173
395750,0.104720194
396000,0.088643236
396250,0.11416032
396500,0.098936543
396750,0.094293225
397000,0.070511666
397250,0.087210212
397500,0.101623914
397750,0.118925937
398000,0.093056665
398250,0.1223451
398500,0.129076188
398750,0.220555791
399000,0.181830961
399250,0.156176821
399500,0.075421197
399750,0.143900283
400000,0.085394948
400250,0.162374119
400500,0.138551644
400750,0.254928959
401000,0.170578245
401250,0.120248262
401500,0.196504938
401750,0.13197382
402000,0.083809664
402250,0.11582601
402500,0.068451749
402750,0.191984309
403000,0.198111704
403250,0.166446626
403500,0.18065108
403750,0.067935619
404000,0.104002169
404250,0.155273887
404500,0.064597449
404750,0.079158475
405000,0.170367309
405250,0.058902076
405500,0.165199616
405750,0.078742578
406000,0.089047376
406250,0.151805983
406500,0.068376181
406750,0.105951625
407000,0.142531981
407250,0.104745597
407500,0.101987324
407750,0.135401063
408000,0.107762553
408250,0.072897969
408500,0.129053009
408750,0.072868777
409000,0.176067591
409250,0.139883846
409500,0.124240283
409750,0.152147751
410000,0.055834221
410250,0.120975839
410500,0.197853789
410750,0.109662937
411000,0.164553769
411250,0.082795107
411500,0.126216348
411750,0.155609022
412000,0.130841504
412250,0.123463303
412500,0.162863829
412750,0.120370004
413000,0.105810748
413250,0.089582781
413500,0.052530916
413750,0.14477812
414000,0.085376878
414250,0.064756888
414500,0.064612077
414750,0.266294662
415000,0.138374241
415250,0.097791534
415500,0.21506038
415750,0.198630841
416000,0.171889985
416250,0.123096852
416500,0.086224558
416750,0.075633643
417000,0.157545489
417250,0.225669852
417500,0.111261067
417750,0.08071486
418000,0.111839627
418250,0.116622518
418500,0.146626162
418750,0.092981326
419000,0.158342493
419250,0.063261279
419500,0.113793121
419750,0.118610652
420000,0.142477757
420250,0.102519416
420500,0.099020218
420750,0.074217373
421000,0.157980256
421250,0.100579335
421500,0.16074013
421750,0.128354947
422000,0.180674284
422250,0.08422572
422500,0.130916056
422750,0.157505266
423000,0.135197122
423250,0.226514361
423500,0.124433158
423750,0.172608801
424000,0.123348698
424250,0.218022982
424500,0.08947067
424750,0.118868281
425000,0.155806168
425250,0.123880519
425500,0.171276063
425750,0.149133258
426000,0.173231467
426250,0.123430065
426500,0.076235209
426750,0.085973709
427000,0.123690687
427250,0.109315471
427500,0.077325674
427750,0.092087861
428000,0.163482758
428250,0.138164722
428500,0.137563777
428750,0.172195419
429000,0.092241539
429250,0.099437242
429500,0.146491953
429750,0.173598765
430000,0.114598349
430250,0.132573451
430500,0.174688488
430750,0.210870887
431000,0.161540574
431250,0.125845386
431500,0.118677225
431750,0.098304687
432000,0.125099294
432250,0.093736571
432500,0.122077194
432750,0.127865838
433000,0.111871397
433250,0.204544307
433500,0.126131687
433750,0.130554765
434000,0.112047601
434250,0.312208776
434500,0.131282388
434750,0.127774822
435000,0.112407775
435250,0.20513593
435500,0.200541975
435750,0.090540955
436000,0.156532739
436250,0.120739542
436500,0.15698636
436750,0.204813783
437000,0.125825292
437250,0.152247564
